{"_id":{"$oid":"5a79c1c1505ef404d6791302"},"ad_id":"unknown","date":"2018-01-27","c3":{"$numberInt":"6"}}
{"_id":{"$oid":"5a79c1c2505ef404d679133d"},"ad_id":"unknown","date":"2017-11-01","c3":{"$numberInt":"25"},"c3b":{"$numberInt":"1"}}
{"_id":{"$oid":"5a79c1c5505ef404d6791402"},"ad_id":"unknown","date":"2017-11-02","c3":{"$numberInt":"33"},"c3b":{"$numberInt":"1"}}
{"_id":{"$oid":"5a79c216505ef404d679162d"},"ad_id":"unknown","date":"2018-02-06","c3":{"$numberInt":"11"}}
{"_id":{"$oid":"5a79c218505ef404d679166c"},"ad_id":"unknown","date":"2018-02-03","c3":{"$numberInt":"25"}}
{"_id":{"$oid":"5a79c21a505ef404d67916d2"},"ad_id":"unknown","date":"2018-02-05","c3":{"$numberInt":"20"}}
{"_id":{"$oid":"5a79c220505ef404d6791840"},"ad_id":"unknown","date":"2017-11-03","c3":{"$numberInt":"31"}}
{"_id":{"$oid":"5a79c22a505ef404d6791a00"},"ad_id":"unknown","date":"2017-11-04","c3":{"$numberInt":"24"}}
{"_id":{"$oid":"5a79c231505ef404d6791b99"},"ad_id":"unknown","date":"2017-11-05","c3":{"$numberInt":"77"}}
{"_id":{"$oid":"5a79c240505ef404d6791e81"},"ad_id":"unknown","date":"2017-11-06","c3":{"$numberInt":"38"},"c3b":{"$numberInt":"6"}}
{"_id":{"$oid":"5a79c243505ef404d6791f42"},"ad_id":"unknown","date":"2018-02-04","c3":{"$numberInt":"14"}}
{"_id":{"$oid":"5a79c255505ef404d6792367"},"ad_id":"unknown","date":"2017-12-22","c3":{"$numberInt":"47"},"c3b":{"$numberInt":"11"}}
{"_id":{"$oid":"5a79c26c505ef404d6792a1f"},"ad_id":"unknown","date":"2017-12-25","c3":{"$numberInt":"26"},"c3b":{"$numberInt":"1"}}
{"_id":{"$oid":"5a79c26f505ef404d6792ae6"},"ad_id":"unknown","date":"2017-12-23","c3":{"$numberInt":"81"},"c3b":{"$numberInt":"11"}}
{"_id":{"$oid":"5a79c278505ef404d6792c83"},"ad_id":"unknown","date":"2017-11-07","c3":{"$numberInt":"28"},"c3b":{"$numberInt":"1"}}
{"_id":{"$oid":"5a79c287505ef404d6792ffb"},"ad_id":"unknown","date":"2017-11-08","c3":{"$numberInt":"8"},"c3b":{"$numberInt":"1"}}
{"_id":{"$oid":"5a79c28d505ef404d6793156"},"ad_id":"unknown","date":"2017-11-09","c3":{"$numberInt":"69"},"c3b":{"$numberInt":"13"}}
{"_id":{"$oid":"5a79c29f505ef404d6793651"},"ad_id":"unknown","date":"2017-12-24","c3":{"$numberInt":"20"}}
{"_id":{"$oid":"5a79c2a2505ef404d6793722"},"ad_id":"unknown","date":"2017-12-26","c3":{"$numberInt":"31"},"c3b":{"$numberInt":"8"}}
{"_id":{"$oid":"5a79c2a5505ef404d6793807"},"ad_id":"unknown","date":"2017-11-11","c3":{"$numberInt":"34"},"c3b":{"$numberInt":"9"}}
{"_id":{"$oid":"5a79c2a5505ef404d6793821"},"ad_id":"unknown","date":"2017-12-27","c3":{"$numberInt":"31"},"c3b":{"$numberInt":"5"}}
{"_id":{"$oid":"5a79c2ab505ef404d679394a"},"ad_id":"unknown","date":"2017-11-12","c3":{"$numberInt":"17"},"c3b":{"$numberInt":"3"}}
{"_id":{"$oid":"5a79c2ab505ef404d679394d"},"ad_id":"unknown","date":"2017-12-28","c3":{"$numberInt":"14"},"c3b":{"$numberInt":"3"}}
{"_id":{"$oid":"5a79c2ab505ef404d679399c"},"ad_id":"unknown","date":"2017-12-29","c3":{"$numberInt":"30"},"c3b":{"$numberInt":"4"}}
{"_id":{"$oid":"5a79c2ae505ef404d67939d9"},"ad_id":"unknown","date":"2017-11-13","c3":{"$numberInt":"21"},"c3b":{"$numberInt":"1"}}
{"_id":{"$oid":"5a79c2ae505ef404d67939e8"},"ad_id":"unknown","date":"2017-12-30","c3":{"$numberInt":"34"},"c3b":{"$numberInt":"6"}}
{"_id":{"$oid":"5a79c2b1505ef404d6793a78"},"ad_id":"unknown","date":"2017-11-14","c3":{"$numberInt":"20"},"c3b":{"$numberInt":"1"}}
{"_id":{"$oid":"5a79c2b4505ef404d6793b2f"},"ad_id":"unknown","date":"2017-11-15","c3":{"$numberInt":"29"},"c3b":{"$numberInt":"8"}}
{"_id":{"$oid":"5a79c2b7505ef404d6793bcb"},"ad_id":"unknown","date":"2017-11-21","c3":{"$numberInt":"26"},"c3b":{"$numberInt":"7"}}
{"_id":{"$oid":"5a79c2b7505ef404d6793c09"},"ad_id":"unknown","date":"2017-11-16","c3":{"$numberInt":"43"},"c3b":{"$numberInt":"8"}}
{"_id":{"$oid":"5a79c2ba505ef404d6793d18"},"ad_id":"unknown","date":"2017-12-31","c3":{"$numberInt":"38"},"c3b":{"$numberInt":"9"}}
{"_id":{"$oid":"5a79c2bd505ef404d6793ddd"},"ad_id":"unknown","date":"2017-11-17","c3":{"$numberInt":"36"},"c3b":{"$numberInt":"5"}}
{"_id":{"$oid":"5a79c2c3505ef404d6793ed5"},"ad_id":"unknown","date":"2018-01-01","c3":{"$numberInt":"35"},"c3b":{"$numberInt":"5"}}
{"_id":{"$oid":"5a79c2c3505ef404d6793edd"},"ad_id":"unknown","date":"2018-01-29","c3":{"$numberInt":"9"}}
{"_id":{"$oid":"5a79c2c3505ef404d6793ee4"},"ad_id":"unknown","date":"2017-11-18","c3":{"$numberInt":"37"},"c3b":{"$numberInt":"4"}}
{"_id":{"$oid":"5a79c2c6505ef404d6793f94"},"ad_id":"unknown","date":"2018-01-30","c3":{"$numberInt":"4"}}
{"_id":{"$oid":"5a79c2c6505ef404d6793fb1"},"ad_id":"unknown","date":"2018-01-02","c3":{"$numberInt":"27"},"c3b":{"$numberInt":"3"}}
{"_id":{"$oid":"5a79c2cf505ef404d6794195"},"ad_id":"unknown","date":"2017-11-19","c3":{"$numberInt":"56"},"c3b":{"$numberInt":"7"}}
{"_id":{"$oid":"5a79c2d5505ef404d6794325"},"ad_id":"unknown","date":"2018-01-05","c3":{"$numberInt":"9"},"c3b":{"$numberInt":"2"}}
{"_id":{"$oid":"5a79c2d8505ef404d67943de"},"ad_id":"unknown","date":"2018-01-09","c3":{"$numberInt":"17"},"c3b":{"$numberInt":"3"}}
{"_id":{"$oid":"5a79c2f6505ef404d67949a9"},"ad_id":"unknown","date":"2018-01-23","c3":{"$numberInt":"1"}}
{"_id":{"$oid":"5a79c2f9505ef404d6794a32"},"ad_id":"unknown","date":"2017-11-24","c3":{"$numberInt":"8"},"c3b":{"$numberInt":"3"}}
{"_id":{"$oid":"5a79c2f9505ef404d6794a38"},"ad_id":"unknown","date":"2018-01-24","c3":{"$numberInt":"5"}}
{"_id":{"$oid":"5a79c2fc505ef404d6794a97"},"ad_id":"unknown","date":"2017-11-25","c3":{"$numberInt":"3"}}
{"_id":{"$oid":"5a79c2fc505ef404d6794ae4"},"ad_id":"unknown","date":"2017-11-26","c3":{"$numberInt":"7"}}
{"_id":{"$oid":"5a79c2ff505ef404d6794b69"},"ad_id":"unknown","date":"2017-11-27","c3":{"$numberInt":"2"},"c3b":{"$numberInt":"1"}}
{"_id":{"$oid":"5a79c302505ef404d6794c16"},"ad_id":"unknown","date":"2017-11-28","c3":{"$numberInt":"5"},"c3b":{"$numberInt":"1"}}
{"_id":{"$oid":"5a79c305505ef404d6794ca2"},"ad_id":"unknown","date":"2017-12-01","c3":{"$numberInt":"12"}}
{"_id":{"$oid":"5a79c308505ef404d6794d3b"},"ad_id":"unknown","date":"2017-12-03","c3":{"$numberInt":"7"},"c3b":{"$numberInt":"1"}}
{"_id":{"$oid":"5a79c30b505ef404d6794d8b"},"ad_id":"unknown","date":"2018-01-03","c3":{"$numberInt":"14"},"c3b":{"$numberInt":"1"}}
{"_id":{"$oid":"5a79c314505ef404d6794f32"},"ad_id":"unknown","date":"2018-01-06","c3":{"$numberInt":"4"}}
{"_id":{"$oid":"5a79c31e505ef404d6795107"},"ad_id":"unknown","date":"2017-11-10","c3":{"$numberInt":"21"},"c3b":{"$numberInt":"2"}}
{"_id":{"$oid":"5a79c326505ef404d6795284"},"ad_id":"unknown","date":"2017-12-11","c3":{"$numberInt":"2"}}
{"_id":{"$oid":"5a79c345505ef404d67958dc"},"ad_id":"unknown","date":"2018-01-04","c3":{"$numberInt":"22"},"c3b":{"$numberInt":"3"}}
{"_id":{"$oid":"5a79c354505ef404d6795b86"},"ad_id":"unknown","date":"2018-01-07","c3":{"$numberInt":"10"},"c3b":{"$numberInt":"4"}}
{"_id":{"$oid":"5a79c357505ef404d6795bfb"},"ad_id":"unknown","date":"2018-01-08","c3":{"$numberInt":"3"},"c3b":{"$numberInt":"1"}}
{"_id":{"$oid":"5a79c357505ef404d6795c33"},"ad_id":"unknown","date":"2017-12-04","c3":{"$numberInt":"19"},"c3b":{"$numberInt":"5"}}
{"_id":{"$oid":"5a79c36c505ef404d6795ffa"},"ad_id":"unknown","date":"2017-11-20","c3":{"$numberInt":"41"},"c3b":{"$numberInt":"9"}}
{"_id":{"$oid":"5a79c36f505ef404d6796099"},"ad_id":"unknown","date":"2018-01-13","c3":{"$numberInt":"15"},"c3b":{"$numberInt":"3"}}
{"_id":{"$oid":"5a79c372505ef404d679611a"},"ad_id":"unknown","date":"2018-01-14","c3":{"$numberInt":"4"},"c3b":{"$numberInt":"1"}}
{"_id":{"$oid":"5a79c375505ef404d6796198"},"ad_id":"unknown","date":"2018-01-18","c3":{"$numberInt":"2"}}
{"_id":{"$oid":"5a79c375505ef404d67961b3"},"ad_id":"unknown","date":"2017-11-22","c3":{"$numberInt":"1"},"c3b":{"$numberInt":"1"}}
{"_id":{"$oid":"5a79c38a505ef404d679658a"},"ad_id":"unknown","date":"2018-01-10","c3":{"$numberInt":"18"}}
{"_id":{"$oid":"5a79c399505ef404d6796830"},"ad_id":"unknown","date":"2017-12-09","c3":{"$numberInt":"10"},"c3b":{"$numberInt":"3"}}
{"_id":{"$oid":"5a79c39c505ef404d67968bb"},"ad_id":"unknown","date":"2017-12-02","c3":{"$numberInt":"16"},"c3b":{"$numberInt":"3"}}
{"_id":{"$oid":"5a79c3a2505ef404d6796998"},"ad_id":"unknown","date":"2017-12-05","c3":{"$numberInt":"4"},"c3b":{"$numberInt":"1"}}
{"_id":{"$oid":"5a79c3a5505ef404d6796a25"},"ad_id":"unknown","date":"2018-01-12","c3":{"$numberInt":"22"},"c3b":{"$numberInt":"2"}}
{"_id":{"$oid":"5a79c3af505ef404d6796bab"},"ad_id":"unknown","date":"2018-01-11","c3":{"$numberInt":"14"},"c3b":{"$numberInt":"4"}}
{"_id":{"$oid":"5a7a7924505ef404d67cced3"},"ad_id":"unknown","date":"2018-02-07","c2":{"$numberInt":"1"}}
{"_id":{"$oid":"5a7c0382505ef404d6869052"},"ad_id":"unknown","date":"2018-02-08","c2":{"$numberInt":"8"},"c3":{"$numberInt":"7"},"c3b":{"$numberInt":"3"}}
{"_id":{"$oid":"5a7c83c3505ef404d6891a03"},"ad_id":"unknown","date":"2018-02-09","c2":{"$numberInt":"355"},"c3":{"$numberInt":"30"},"c3b":{"$numberInt":"20"},"l8":{"$numberInt":"2"},"revenue":{"$numberInt":"28950"},"l1":{"$numberInt":"1"}}
{"_id":{"$oid":"5a7dd3e9505ef404d68eff32"},"ad_id":"unknown","date":"2018-02-10","c2":{"$numberInt":"724"},"c3b":{"$numberInt":"27"},"c3":{"$numberInt":"46"},"l8":{"$numberInt":"4"},"revenue":{"$numberInt":"94000"},"l4":{"$numberInt":"1"},"l1":{"$numberInt":"2"},"L3":{"$numberInt":"2"}}
{"_id":{"$oid":"5a7e4efd505ef404d690b3b3"},"ad_id":"5a7e4ef7e20e1a2e8a3c3790","date":"2018-02-10","c2":{"$numberInt":"47"},"media":"fa","c3":{"$numberInt":"1"},"c3b":{"$numberInt":"1"}}
{"_id":{"$oid":"5a7f2535505ef404d6959527"},"ad_id":"unknown","date":"2018-02-11","c2":{"$numberInt":"1263"},"c3":{"$numberInt":"92"},"c3b":{"$numberInt":"68"},"L6":{"$numberInt":"1"},"l2":{"$numberInt":"3"},"l4":{"$numberInt":"4"},"l3":{"$numberInt":"3"},"l6":{"$numberInt":"1"}}
{"_id":{"$oid":"5a7f2f73505ef404d695ca7f"},"ad_id":"5a7e4ef7e20e1a2e8a3c3790","date":"2018-02-11","c2":{"$numberInt":"64"},"media":"fa","c3":{"$numberInt":"3"},"c3b":{"$numberInt":"2"}}
{"_id":{"$oid":"5a807728505ef404d69f743b"},"ad_id":"unknown","date":"2018-02-12","c2":{"$numberInt":"1086"},"c3":{"$numberInt":"62"},"c3b":{"$numberInt":"51"},"l4":{"$numberInt":"5"},"l3":{"$numberInt":"2"},"l6":{"$numberInt":"1"}}
{"_id":{"$oid":"5a80782a505ef404d69f7b96"},"ad_id":"5a7e4ef7e20e1a2e8a3c3790","date":"2018-02-12","c2":{"$numberInt":"63"},"media":"fa","c3":{"$numberInt":"3"},"c3b":{"$numberInt":"1"},"creator_id":"5a79b49ee20e1a15425dcc92","c1":{"$numberInt":"25128"},"spent":{"$numberDouble":"38.26"}}
{"_id":{"$oid":"5a814bd2505ef404d6a5d033"},"ad_id":"5a814bcae20e1a02292c3b99","date":"2018-02-12","c2":{"$numberInt":"2"},"media":"fa"}
{"_id":{"$oid":"5a826b6a505ef404d6ac36aa"},"ad_id":"unknown","date":"2018-02-13","c2":{"$numberInt":"728"},"c3":{"$numberInt":"25"},"c3b":{"$numberInt":"21"},"l3":{"$numberInt":"1"},"l6":{"$numberInt":"1"}}
{"_id":{"$oid":"5a826b6a505ef404d6ac36ab"},"ad_id":"unknown","date":"2018-02-13","c2":{"$numberInt":"1"}}
{"_id":{"$oid":"5a826b6a505ef404d6ac3774"},"ad_id":"5a7e4ef7e20e1a2e8a3c3790","date":"2018-02-13","c2":{"$numberInt":"74"},"creator_id":"5a79b49ee20e1a15425dcc92","media":"fa","c3":{"$numberInt":"2"},"c3b":{"$numberInt":"2"},"c1":{"$numberInt":"26049"},"spent":{"$numberDouble":"41.34"}}
{"_id":{"$oid":"5a831b2e505ef404d6b0cfad"},"ad_id":"unknown","date":"2018-02-14","c2":{"$numberInt":"365"},"c3":{"$numberInt":"22"},"c3b":{"$numberInt":"9"},"l4":{"$numberInt":"1"},"revenue":{"$numberInt":"34000"}}
{"_id":{"$oid":"5a831df8505ef404d6b0e065"},"ad_id":"5a7e4ef7e20e1a2e8a3c3790","date":"2018-02-14","c2":{"$numberInt":"64"},"creator_id":"5a79b49ee20e1a15425dcc92","media":"fa","c3":{"$numberInt":"3"},"c3b":{"$numberInt":"1"},"c1":{"$numberInt":"15537"},"spent":{"$numberDouble":"20.49"},"L6":{"$numberInt":"1"}}
{"_id":{"$oid":"5a846c02505ef404d6b80c8e"},"ad_id":"unknown","date":"2018-02-15","c2":{"$numberInt":"346"},"c3":{"$numberInt":"13"},"c3b":{"$numberInt":"6"},"l4":{"$numberInt":"1"}}
{"_id":{"$oid":"5a846f9e505ef404d6b81ec3"},"ad_id":"5a7e4ef7e20e1a2e8a3c3790","date":"2018-02-15","c2":{"$numberInt":"58"},"creator_id":"5a79b49ee20e1a15425dcc92","media":"fa","c3":{"$numberInt":"3"},"c3b":{"$numberInt":"1"},"c1":{"$numberInt":"14030"},"spent":{"$numberDouble":"20.2"}}
{"_id":{"$oid":"5a85be97505ef404d6bee490"},"ad_id":"unknown","date":"2018-02-16","c2":{"$numberInt":"279"},"c3":{"$numberInt":"11"},"c3b":{"$numberInt":"6"},"l4":{"$numberInt":"2"}}
{"_id":{"$oid":"5a85c34d505ef404d6befc24"},"ad_id":"5a7e4ef7e20e1a2e8a3c3790","date":"2018-02-16","c2":{"$numberInt":"78"},"creator_id":"5a79b49ee20e1a15425dcc92","media":"fa","c3":{"$numberInt":"2"},"c3b":{"$numberInt":"2"},"c1":{"$numberInt":"13178"},"spent":{"$numberDouble":"19.45"}}
{"_id":{"$oid":"5a870e19505ef404d6c5ddb2"},"ad_id":"unknown","date":"2018-02-17","c2":{"$numberInt":"304"},"c3":{"$numberInt":"18"},"c3b":{"$numberInt":"10"},"l6":{"$numberInt":"2"}}
{"_id":{"$oid":"5a870fc3505ef404d6c5e64c"},"ad_id":"5a7e4ef7e20e1a2e8a3c3790","date":"2018-02-17","c2":{"$numberInt":"67"},"creator_id":"5a79b49ee20e1a15425dcc92","media":"fa","c3":{"$numberInt":"3"},"c3b":{"$numberInt":"2"},"c1":{"$numberInt":"15276"},"spent":{"$numberDouble":"20.32"}}
{"_id":{"$oid":"5a885fa5505ef404d6cca9d3"},"ad_id":"unknown","date":"2018-02-18","c2":{"$numberInt":"464"},"c3":{"$numberInt":"17"},"c3b":{"$numberInt":"7"}}
{"_id":{"$oid":"5a8861f7505ef404d6ccb56d"},"ad_id":"5a7e4ef7e20e1a2e8a3c3790","date":"2018-02-18","c2":{"$numberInt":"54"},"creator_id":"5a79b49ee20e1a15425dcc92","media":"fa","c1":{"$numberInt":"14148"},"spent":{"$numberDouble":"19.35"}}
{"_id":{"$oid":"5a89b117505ef404d6d36baa"},"ad_id":"unknown","date":"2018-02-19","c2":{"$numberInt":"482"},"c3":{"$numberInt":"36"},"c3b":{"$numberInt":"19"}}
{"_id":{"$oid":"5a89c0ae505ef404d6d3ba82"},"ad_id":"5a7e4ef7e20e1a2e8a3c3790","date":"2018-02-19","c2":{"$numberInt":"41"},"creator_id":"5a79b49ee20e1a15425dcc92","media":"fa","c3":{"$numberInt":"3"},"c3b":{"$numberInt":"1"},"c1":{"$numberInt":"14393"},"spent":{"$numberDouble":"19.24"}}
{"_id":{"$oid":"5a8b0308505ef404d6da8759"},"ad_id":"unknown","date":"2018-02-20","c2":{"$numberInt":"656"},"c3":{"$numberInt":"32"},"c3b":{"$numberInt":"21"},"l8":{"$numberInt":"1"},"revenue":{"$numberInt":"37400"},"l1":{"$numberInt":"3"},"l6":{"$numberInt":"1"},"L3":{"$numberInt":"1"}}
{"_id":{"$oid":"5a8b3c10505ef404d6dbbf91"},"ad_id":"5a7e4ef7e20e1a2e8a3c3790","date":"2018-02-20","c2":{"$numberInt":"51"},"creator_id":"5a79b49ee20e1a15425dcc92","media":"fa","c3":{"$numberInt":"4"},"c3b":{"$numberInt":"4"},"c1":{"$numberInt":"14295"},"spent":{"$numberDouble":"19.42"}}
{"_id":{"$oid":"5a8c547b505ef404d6e2336b"},"ad_id":"5a7e4ef7e20e1a2e8a3c3790","date":"2018-02-21","c2":{"$numberInt":"17"},"creator_id":"5a79b49ee20e1a15425dcc92","media":"fa","c1":{"$numberInt":"4150"},"spent":{"$numberDouble":"5.25"}}
{"_id":{"$oid":"5a8c54f9505ef404d6e235d7"},"ad_id":"unknown","date":"2018-02-21","c2":{"$numberInt":"792"},"c3":{"$numberInt":"31"},"c3b":{"$numberInt":"21"},"l8":{"$numberInt":"1"},"revenue":{"$numberInt":"12900"},"l3":{"$numberInt":"2"}}
{"_id":{"$oid":"5a8da60a505ef404d6ea109a"},"ad_id":"unknown","date":"2018-02-22","c2":{"$numberInt":"939"},"c3":{"$numberInt":"53"},"c3b":{"$numberInt":"34"},"L3":{"$numberInt":"1"},"L7":{"$numberInt":"1"},"l4":{"$numberInt":"1"},"l1":{"$numberInt":"2"},"l6":{"$numberInt":"1"},"l3":{"$numberInt":"1"},"revenue":{"$numberInt":"65900"},"L6":{"$numberInt":"1"},"L8":{"$numberInt":"2"}}
{"_id":{"$oid":"5a8e3bf5505ef404d6edd74c"},"ad_id":"5a7e4ef7e20e1a2e8a3c3790","date":"2018-02-22","c2":{"$numberInt":"2"},"creator_id":"5a79b49ee20e1a15425dcc92","media":"fa"}
{"_id":{"$oid":"5a8ef7c0505ef404d6f41e18"},"ad_id":"unknown","date":"2018-02-23","c2":{"$numberInt":"1232"},"c3":{"$numberInt":"85"},"c3b":{"$numberInt":"59"},"L3":{"$numberInt":"6"},"l3":{"$numberInt":"10"},"l6":{"$numberInt":"3"},"l1":{"$numberInt":"3"},"l4":{"$numberInt":"2"},"revenue":{"$numberInt":"12900"}}
{"_id":{"$oid":"5a8f9ceee20e1a0c1050ad83"},"ad_id":"5a8f9c02e20e1a0228006220","date":"2018-02-03","c3":{"$numberInt":"14"},"c3b":{"$numberInt":"14"},"creator_id":"5a814d8fe20e1a2e8a3c3791","updated_at":{"$date":{"$numberLong":"1519361262000"}},"created_at":{"$date":{"$numberLong":"1519361262000"}}}
{"_id":{"$oid":"5a8f9d86e20e1a0c1050ad92"},"ad_id":"5a8f9c02e20e1a0228006220","date":"2018-02-23","c3":{"$numberInt":"28"},"c3b":{"$numberInt":"14"},"creator_id":"5a814d8fe20e1a2e8a3c3791","updated_at":{"$date":{"$numberLong":"1519641635000"}},"created_at":{"$date":{"$numberLong":"1519361414000"}},"c1":{"$numberInt":"30000"},"spent":"15.33","media":"adsnet"}
{"_id":{"$oid":"5a904908505ef404d6fda485"},"ad_id":"unknown","date":"2018-02-24","c2":{"$numberInt":"1707"},"c3":{"$numberInt":"80"},"c3b":{"$numberInt":"46"},"l3":{"$numberInt":"10"},"L3":{"$numberInt":"9"},"L6":{"$numberInt":"2"},"l4":{"$numberInt":"3"}}
{"_id":{"$oid":"5a90edeb505ef404d601bd0b"},"ad_id":"5a90eddde20e1a0c0f012b46","date":"2018-02-24","c2":{"$numberInt":"6"},"creator_id":"5a90ecd7e20e1a0c0f012b43","media":"fa"}
{"_id":{"$oid":"5a90ef02505ef404d601c6d0"},"ad_id":"5a90eef7e20e1a0c1050ada2","date":"2018-02-24","c2":{"$numberInt":"2"},"creator_id":"5a90ecd7e20e1a0c0f012b43","media":"fa"}
{"_id":{"$oid":"5a919a1e505ef404d6067643"},"ad_id":"unknown","date":"2018-02-25","c2":{"$numberInt":"1802"},"c3":{"$numberInt":"73"},"c3b":{"$numberInt":"43"},"l2":{"$numberInt":"1"},"l3":{"$numberInt":"5"},"L3":{"$numberInt":"22"},"L6":{"$numberInt":"1"},"l1":{"$numberInt":"7"},"l6":{"$numberInt":"5"},"l4":{"$numberInt":"6"},"revenue":{"$numberInt":"12900"}}
{"_id":{"$oid":"5a92ec94505ef404d60e7bd6"},"ad_id":"unknown","date":"2018-02-26","c2":{"$numberInt":"1289"},"c3":{"$numberInt":"39"},"c3b":{"$numberInt":"20"},"L3":{"$numberInt":"8"},"l6":{"$numberInt":"1"},"l3":{"$numberInt":"3"},"l1":{"$numberInt":"3"},"l4":{"$numberInt":"2"},"L8":{"$numberInt":"1"},"revenue":{"$numberInt":"40500"}}
{"_id":{"$oid":"5a93e350505ef404d6148f5d"},"ad_id":"5a93e345e20e1a0c24427da3","date":"2018-02-26","c2":{"$numberInt":"2"},"creator_id":"5a90ecd7e20e1a0c0f012b43","media":"fa"}
{"_id":{"$oid":"5a943d51505ef404d616c90f"},"ad_id":"unknown","date":"2018-02-27","c2":{"$numberInt":"626"},"c3":{"$numberInt":"29"},"c3b":{"$numberInt":"13"},"L3":{"$numberInt":"3"},"L6":{"$numberInt":"1"},"l1":{"$numberInt":"3"},"l6":{"$numberInt":"3"},"l3":{"$numberInt":"1"}}
{"_id":{"$oid":"5a95109c505ef404d61be28d"},"ad_id":"5a951091e20e1a0c24427da6","date":"2018-02-27","c2":{"$numberInt":"4"},"creator_id":"5a79b49ee20e1a15425dcc92","media":"fa"}
{"_id":{"$oid":"5a958edc505ef404d61f0dce"},"ad_id":"unknown","date":"2018-02-28","c2":{"$numberInt":"427"},"c3":{"$numberInt":"14"}}
{"_id":{"$oid":"5a96e127505ef404d6273f4d"},"ad_id":"unknown","date":"2018-03-01","c2":{"$numberInt":"2673"},"c3":{"$numberInt":"170"},"c3b":{"$numberInt":"102"},"L3":{"$numberInt":"36"},"L2":{"$numberInt":"2"},"l3":{"$numberInt":"13"},"l6":{"$numberInt":"16"},"l1":{"$numberInt":"42"},"l4":{"$numberInt":"5"},"l2":{"$numberInt":"1"},"L6":{"$numberInt":"1"},"L8":{"$numberInt":"3"},"revenue":{"$numberInt":"75944"}}
{"_id":{"$oid":"5a9831b4505ef404d62fbcf0"},"ad_id":"unknown","date":"2018-03-02","c2":{"$numberInt":"2234"},"c3":{"$numberInt":"118"},"c3b":{"$numberInt":"83"},"l3":{"$numberInt":"34"},"l1":{"$numberInt":"53"},"l6":{"$numberInt":"7"},"l5":{"$numberInt":"1"},"l2":{"$numberInt":"2"},"revenue":{"$numberInt":"35000"},"l4":{"$numberInt":"1"},"L3":{"$numberInt":"10"},"L6":{"$numberInt":"2"}}
{"_id":{"$oid":"5a99839b505ef404d6386b88"},"ad_id":"unknown","date":"2018-03-03","c2":{"$numberInt":"639"},"c3":{"$numberInt":"37"},"c3b":{"$numberInt":"21"},"l1":{"$numberInt":"24"},"l3":{"$numberInt":"5"},"revenue":{"$numberInt":"70745"},"L3":{"$numberInt":"6"},"L2":{"$numberInt":"1"},"L8":{"$numberInt":"2"}}
{"_id":{"$oid":"5a9a554e505ef404d63dcb4e"},"ad_id":"5a9a553ce20e1a3ac0394c73","date":"2018-03-03","c2":{"$numberInt":"1"},"creator_id":"5a79b49ee20e1a15425dcc92","media":"fa"}
{"_id":{"$oid":"5a9ad5ab505ef404d64160e1"},"ad_id":"unknown","date":"2018-03-04","c2":{"$numberInt":"505"},"c3b":{"$numberInt":"15"},"c3":{"$numberInt":"26"},"l1":{"$numberInt":"21"},"l3":{"$numberInt":"7"},"l5":{"$numberInt":"1"},"L3":{"$numberInt":"5"}}
{"_id":{"$oid":"5a9c26bf505ef404d64a34de"},"ad_id":"unknown","date":"2018-03-05","c2":{"$numberInt":"540"},"c3":{"$numberInt":"26"},"c3b":{"$numberInt":"12"},"l3":{"$numberInt":"6"},"l1":{"$numberInt":"17"},"L3":{"$numberInt":"7"},"L6":{"$numberInt":"1"}}
{"_id":{"$oid":"5a9d77d3505ef404d6548aef"},"ad_id":"unknown","date":"2018-03-06","c2":{"$numberInt":"1010"},"c3":{"$numberInt":"85"},"c3b":{"$numberInt":"8"},"l1":{"$numberInt":"2"},"l3":{"$numberInt":"1"},"L3":{"$numberInt":"5"},"L6":{"$numberInt":"1"}}
{"_id":{"$oid":"5aa10ab6505ef404d6751045"},"ad_id":"unknown","date":"2018-03-08","c2":{"$numberInt":"3380"},"c3":{"$numberInt":"104"},"c3b":{"$numberInt":"14"},"L3":{"$numberInt":"3"},"L2":{"$numberInt":"1"}}
{"_id":{"$oid":"5aa10ab7505ef404d67510ce"},"ad_id":"unknown","date":"2018-03-07","c3":{"$numberInt":"131"}}
{"_id":{"$oid":"5aa10ba3505ef404d6754652"},"ad_id":"5a9faa5fe20e1a7f2f69c495","date":"2018-03-08","c2":{"$numberInt":"2"},"creator_id":"5a79b49ee20e1a15425dcc92","media":"fa"}
{"_id":{"$oid":"5aa10baf505ef404d67574ba"},"ad_id":"5aa106d9e20e1a0c24427dab","date":"2018-03-08","c2":{"$numberInt":"13"},"creator_id":"5a79b49ee20e1a15425dcc92","media":"fa","c3":{"$numberInt":"4"},"c3b":{"$numberInt":"2"}}
{"_id":{"$oid":"5aa16c9d505ef404d6785f7a"},"ad_id":"unknown","date":"2018-03-09","c2":{"$numberInt":"1386"},"c3b":{"$numberInt":"88"},"c3":{"$numberInt":"124"},"L3":{"$numberInt":"37"},"L2":{"$numberInt":"2"},"L6":{"$numberInt":"3"},"L8":{"$numberInt":"1"},"revenue":{"$numberInt":"12900"}}
{"_id":{"$oid":"5aa2bde1505ef404d6825992"},"ad_id":"unknown","date":"2018-03-10","c2":{"$numberInt":"2233"},"c3":{"$numberInt":"243"},"c3b":{"$numberInt":"170"},"L2":{"$numberInt":"5"},"L3":{"$numberInt":"62"},"L6":{"$numberInt":"4"},"L8":{"$numberInt":"3"},"revenue":{"$numberInt":"137100"},"L5":{"$numberInt":"1"}}
{"_id":{"$oid":"5aa40f1b505ef404d68c93ce"},"ad_id":"unknown","date":"2018-03-11","c2":{"$numberInt":"1716"},"c3":{"$numberInt":"195"},"c3b":{"$numberInt":"137"},"L3":{"$numberInt":"39"},"L2":{"$numberInt":"5"},"revenue":{"$numberInt":"31500"},"L8":{"$numberInt":"1"}}
{"_id":{"$oid":"5aa56092505ef404d69582c4"},"ad_id":"unknown","date":"2018-03-12","c2":{"$numberInt":"2031"},"c3":{"$numberInt":"229"},"c3b":{"$numberInt":"184"},"L2":{"$numberInt":"8"},"L3":{"$numberInt":"46"},"L8":{"$numberInt":"2"},"revenue":{"$numberInt":"73993"},"L6":{"$numberInt":"1"}}
{"_id":{"$oid":"5aa6b2a8505ef404d69fa15f"},"ad_id":"unknown","date":"2018-03-13","c2":{"$numberInt":"2627"},"c3":{"$numberInt":"295"},"c3b":{"$numberInt":"226"},"L3":{"$numberInt":"63"},"L2":{"$numberInt":"9"},"revenue":{"$numberInt":"62794"},"L8":{"$numberInt":"1"},"L6":{"$numberInt":"1"},"L7":{"$numberInt":"1"}}
{"_id":{"$oid":"5aa803f9505ef404d6aa1b47"},"ad_id":"unknown","date":"2018-03-14","c2":{"$numberInt":"1719"},"c3b":{"$numberInt":"149"},"c3":{"$numberInt":"199"},"L3":{"$numberInt":"28"},"L2":{"$numberInt":"2"},"L6":{"$numberInt":"1"}}
{"_id":{"$oid":"5aa8d3b4505ef404d6afec5b"},"ad_id":"5aa8d3a8e20e1a3ac0394c79","date":"2018-03-14","c2":{"$numberInt":"6"},"creator_id":"5a79b49ee20e1a15425dcc92","media":"fa"}
{"_id":{"$oid":"5aa95556505ef404d6b47c0c"},"ad_id":"unknown","date":"2018-03-15","c2":{"$numberInt":"2193"},"c3":{"$numberInt":"178"},"c3b":{"$numberInt":"126"},"L2":{"$numberInt":"3"},"L3":{"$numberInt":"29"},"L6":{"$numberInt":"3"}}
{"_id":{"$oid":"5aaaa69f505ef404d6bef0d7"},"ad_id":"unknown","date":"2018-03-16","c3b":{"$numberInt":"80"},"c2":{"$numberInt":"1393"},"c3":{"$numberInt":"99"},"L3":{"$numberInt":"26"},"L2":{"$numberInt":"1"},"L6":{"$numberInt":"1"}}
{"_id":{"$oid":"5aabf81f505ef404d6c92091"},"ad_id":"unknown","date":"2018-03-17","c2":{"$numberInt":"2321"},"c3":{"$numberInt":"169"},"c3b":{"$numberInt":"135"},"L3":{"$numberInt":"35"},"L2":{"$numberInt":"1"}}
{"_id":{"$oid":"5aad4995505ef404d6d3cd45"},"ad_id":"unknown","date":"2018-03-18","c2":{"$numberInt":"1575"},"c3":{"$numberInt":"147"},"c3b":{"$numberInt":"93"},"L3":{"$numberInt":"13"},"L2":{"$numberInt":"3"}}
{"_id":{"$oid":"5aae9b84505ef404d6ddb6e4"},"ad_id":"unknown","date":"2018-03-19","c2":{"$numberInt":"4088"},"c3":{"$numberInt":"499"},"c3b":{"$numberInt":"394"},"L3":{"$numberInt":"32"},"L2":{"$numberInt":"2"},"L6":{"$numberInt":"1"}}
{"_id":{"$oid":"5aafec9c505ef404d6ea7f1c"},"ad_id":"unknown","date":"2018-03-20","c3":{"$numberInt":"242"},"c2":{"$numberInt":"2479"},"c3b":{"$numberInt":"213"},"L3":{"$numberInt":"6"}}
{"_id":{"$oid":"5ab13e28505ef404d6f77207"},"ad_id":"unknown","date":"2018-03-21","c2":{"$numberInt":"1623"},"c3b":{"$numberInt":"116"},"c3":{"$numberInt":"158"}}
