{"_id":{"$oid":"5a7bf76fe20e1a2e8a3c378b"},"name":"Test_08022018_01","medium":"Conversion","source_id":"5a7bf559e20e1a02292c3b82","source_name":"Facebook","team_id":"5a7bf56fe20e1a02292c3b83","team_name":"Team01","campaign_name":"Test_08022018","campaign_id":"5a7bf76fe20e1a2e8a3c3789","subcampaign_id":"5a7bf76fe20e1a2e8a3c378a","subcampaign_name":"Test_08022018_01","landing_page_id":"5a6ae2f9e20e1a5e067660e5","landing_page_name":"English Today 01","creator_id":"5a7bf543e20e1a0228006212","creator_name":"chanji","tracking_link":"http://english-today01.topicanative.co.th?utm_source=Facebook&utm_team=Team01&utm_agent=chanji&utm_campaign=Test_08022018&utm_medium=Conversion&utm_subcampaign=Test_08022018_01&utm_ad=Test_08022018_01","uri_query":"utm_source=Facebook&utm_team=Team01&utm_agent=chanji&utm_campaign=Test_08022018&utm_medium=Conversion&utm_subcampaign=Test_08022018_01&utm_ad=Test_08022018_01","is_active":{"$numberInt":"1"},"updated_at":{"$date":{"$numberLong":"1518073711000"}},"created_at":{"$date":{"$numberLong":"1518073711000"}}}
{"_id":{"$oid":"5a7bfd09e20e1a02292c3b95"},"name":"df","medium":"","source_id":"5a7bf559e20e1a02292c3b82","source_name":"Facebook","team_id":"5a7bf56fe20e1a02292c3b83","team_name":"Team01","campaign_name":"asf","campaign_id":"5a7bfd09e20e1a02292c3b93","subcampaign_id":"5a7bfd09e20e1a02292c3b94","subcampaign_name":"[default]","landing_page_id":"5a6ae2f9e20e1a5e067660e5","landing_page_name":"English Today 01","creator_id":"5a7bf543e20e1a0228006212","creator_name":"chanji","tracking_link":"http://english-today01.topicanative.co.th?utm_source=Facebook&utm_team=Team01&utm_agent=chanji&utm_campaign=asf&utm_medium=&utm_subcampaign=[default]&utm_ad=df","uri_query":"utm_source=Facebook&utm_team=Team01&utm_agent=chanji&utm_campaign=asf&utm_medium=&utm_subcampaign=[default]&utm_ad=df","shorten_url":"https://goo.gl/WnXx4m","is_active":{"$numberInt":"1"},"updated_at":{"$date":{"$numberLong":"1518075145000"}},"created_at":{"$date":{"$numberLong":"1518075145000"}}}
{"_id":{"$oid":"5a7e4ef7e20e1a2e8a3c3790"},"name":"HeliosTest_01_01","medium":"Conversion","source_id":"5a7bf559e20e1a02292c3b82","source_name":"Facebook","team_id":"5a7e4ebce20e1a02292c3b96","team_name":"NguyenHP","campaign_name":"HeliosTest","campaign_id":"5a7e4ef6e20e1a2e8a3c378e","subcampaign_id":"5a7e4ef6e20e1a2e8a3c378f","subcampaign_name":"HeliosTest_01","landing_page_id":"5a6ae2f9e20e1a5e067660e5","landing_page_name":"English Today 01","creator_id":"5a79b49ee20e1a15425dcc92","creator_name":"helios","tracking_link":"http://english-today01.topicanative.co.th/?utm_source=Facebook&utm_team=NguyenHP&utm_agent=helios&utm_campaign=HeliosTest&utm_medium=Conversion&utm_subcampaign=HeliosTest_01&utm_ad=HeliosTest_01_01&id_landingpage=383&code_chanel=HeliosTest&id_campaign=16&id=25145","uri_query":"utm_source=Facebook&utm_team=NguyenHP&utm_agent=helios&utm_campaign=HeliosTest&utm_medium=Conversion&utm_subcampaign=HeliosTest_01&utm_ad=HeliosTest_01_01&id_landingpage=383&code_chanel=HeliosTest&id_campaign=16&id=25145","shorten_url":"https://goo.gl/1Pqybv","is_active":{"$numberInt":"1"},"updated_at":{"$date":{"$numberLong":"1518227191000"}},"created_at":{"$date":{"$numberLong":"1518227191000"}}}
{"_id":{"$oid":"5a814bcae20e1a02292c3b99"},"name":"Ad_test01","medium":"","mol_link_tracking":"id_landingpage=265&code_chanel=BR16_Salary_Englishinyourlife&id_campaign=16&id=25094","source_id":"5a7bf559e20e1a02292c3b82","source_name":"Facebook","team_id":"5a7e4ebce20e1a02292c3b96","team_name":"NguyenHP","campaign_name":"Test01","campaign_id":"5a814bc9e20e1a02292c3b97","subcampaign_id":"5a814bc9e20e1a02292c3b98","subcampaign_name":"Sub_test01","landing_page_id":"5a6ae2f9e20e1a5e067660e5","landing_page_name":"English Today 01","creator_id":"5a79b49ee20e1a15425dcc92","creator_name":"helios","tracking_link":"http://english-today01.topicanative.co.th?utm_source=Facebook&utm_team=NguyenHP&utm_agent=helios&utm_campaign=Test01&utm_medium=&utm_subcampaign=Sub_test01&utm_ad=Ad_test01&id_landingpage=265&code_chanel=BR16_Salary_Englishinyourlife&id_campaign=16&id=25094","uri_query":"utm_source=Facebook&utm_team=NguyenHP&utm_agent=helios&utm_campaign=Test01&utm_medium=&utm_subcampaign=Sub_test01&utm_ad=Ad_test01&id_landingpage=265&code_chanel=BR16_Salary_Englishinyourlife&id_campaign=16&id=25094","shorten_url":"https://goo.gl/TZ4sgs","is_active":{"$numberInt":"1"},"updated_at":{"$date":{"$numberLong":"1518422986000"}},"created_at":{"$date":{"$numberLong":"1518422986000"}}}
{"_id":{"$oid":"5a814c25e20e1a02292c3b9a"},"name":"ad_test02","medium":"","mol_link_tracking":"","source_id":"5a7bf559e20e1a02292c3b82","source_name":"Facebook","team_id":"5a7e4ebce20e1a02292c3b96","team_name":"NguyenHP","campaign_name":"Test01","campaign_id":"5a814bc9e20e1a02292c3b97","subcampaign_id":"5a814bc9e20e1a02292c3b98","subcampaign_name":"Sub_test01","landing_page_id":"5a6ae2f9e20e1a5e067660e5","landing_page_name":"English Today 01","creator_id":"5a79b49ee20e1a15425dcc92","creator_name":"helios","tracking_link":"http://english-today01.topicanative.co.th?utm_source=Facebook&utm_team=NguyenHP&utm_agent=helios&utm_campaign=Test01&utm_medium=&utm_subcampaign=Sub_test01&utm_ad=ad_test02&","uri_query":"utm_source=Facebook&utm_team=NguyenHP&utm_agent=helios&utm_campaign=Test01&utm_medium=&utm_subcampaign=Sub_test01&utm_ad=ad_test02&","shorten_url":"https://goo.gl/PdEjfM","is_active":{"$numberInt":"1"},"updated_at":{"$date":{"$numberLong":"1518423077000"}},"created_at":{"$date":{"$numberLong":"1518423077000"}}}
{"_id":{"$oid":"5a8f9c02e20e1a0228006220"},"name":"Taboola","medium":"","mol_link_tracking":"","source_id":"5a8f9b90e20e1a2e8a3c3792","source_name":"Import","team_id":"5a8f9bb0e20e1a022800621d","team_name":"Adnetwork","campaign_name":"Taboola","campaign_id":"5a8f9c02e20e1a022800621e","subcampaign_id":"5a8f9c02e20e1a022800621f","subcampaign_name":"[default]","landing_page_id":"5a6ae2f9e20e1a5e067660e5","landing_page_name":"English Today 01","creator_id":"5a814d8fe20e1a2e8a3c3791","creator_name":"eddie","tracking_link":"http://english-today01.topicanative.co.th?utm_source=Import&utm_team=Adnetwork&utm_agent=eddie&utm_campaign=Taboola&utm_medium=&utm_subcampaign=[default]&utm_ad=Taboola","uri_query":"utm_source=Import&utm_team=Adnetwork&utm_agent=eddie&utm_campaign=Taboola&utm_medium=&utm_subcampaign=[default]&utm_ad=Taboola","shorten_url":"https://goo.gl/UWqhsL","is_active":{"$numberInt":"1"},"updated_at":{"$date":{"$numberLong":"1519361026000"}},"created_at":{"$date":{"$numberLong":"1519361026000"}}}
{"_id":{"$oid":"5a90eddde20e1a0c0f012b46"},"name":"CP1_1_abcd","medium":"COnversion","mol_link_tracking":"","source_id":"5a7bf559e20e1a02292c3b82","source_name":"Facebook","team_id":"5a90ec0be20e1a0c0f012b42","team_name":"TeamBaoTD","campaign_name":"CP1","campaign_id":"5a90eddce20e1a0c0f012b44","subcampaign_id":"5a90eddce20e1a0c0f012b45","subcampaign_name":"CP1_1","landing_page_id":"5a6ae2f9e20e1a5e067660e5","landing_page_name":"English Today 01","creator_id":"5a90ecd7e20e1a0c0f012b43","creator_name":"BaoTD","tracking_link":"http://english-today01.topicanative.co.th?utm_source=Facebook&utm_team=TeamBaoTD&utm_agent=BaoTD&utm_campaign=CP1&utm_medium=COnversion&utm_subcampaign=CP1_1&utm_ad=CP1_1_abcd","uri_query":"utm_source=Facebook&utm_team=TeamBaoTD&utm_agent=BaoTD&utm_campaign=CP1&utm_medium=COnversion&utm_subcampaign=CP1_1&utm_ad=CP1_1_abcd","shorten_url":"https://goo.gl/cMgYjQ","is_active":{"$numberInt":"1"},"updated_at":{"$date":{"$numberLong":"1519447517000"}},"created_at":{"$date":{"$numberLong":"1519447517000"}}}
{"_id":{"$oid":"5a90eed6e20e1a0c1050ada1"},"name":"CP1_1_abcde","medium":"","mol_link_tracking":"","source_id":"5a7bf559e20e1a02292c3b82","source_name":"Facebook","team_id":"5a90ec0be20e1a0c0f012b42","team_name":"TeamBaoTD","campaign_name":"CP1","campaign_id":"5a90eddce20e1a0c0f012b44","subcampaign_id":"5a90eddce20e1a0c0f012b45","subcampaign_name":"CP1_1","landing_page_id":"5a90eebbe20e1a0c1050ada0","landing_page_name":"LDP 30","creator_id":"5a90ecd7e20e1a0c0f012b43","creator_name":"BaoTD","tracking_link":"http://englishplus.topicanative.co.th?utm_source=Facebook&utm_team=TeamBaoTD&utm_agent=BaoTD&utm_campaign=CP1&utm_medium=&utm_subcampaign=CP1_1&utm_ad=CP1_1_abcde","uri_query":"utm_source=Facebook&utm_team=TeamBaoTD&utm_agent=BaoTD&utm_campaign=CP1&utm_medium=&utm_subcampaign=CP1_1&utm_ad=CP1_1_abcde","shorten_url":"","is_active":{"$numberInt":"1"},"updated_at":{"$date":{"$numberLong":"1519447766000"}},"created_at":{"$date":{"$numberLong":"1519447766000"}}}
{"_id":{"$oid":"5a90eef7e20e1a0c1050ada2"},"name":"fd","medium":"","mol_link_tracking":"","source_id":"5a7bf559e20e1a02292c3b82","source_name":"Facebook","team_id":"5a90ec0be20e1a0c0f012b42","team_name":"TeamBaoTD","campaign_name":"CP1","campaign_id":"5a90eddce20e1a0c0f012b44","subcampaign_id":"5a90eddce20e1a0c0f012b45","subcampaign_name":"CP1_1","landing_page_id":"5a6ae2f9e20e1a5e067660e5","landing_page_name":"English Today 01","creator_id":"5a90ecd7e20e1a0c0f012b43","creator_name":"BaoTD","tracking_link":"http://english-today01.topicanative.co.th?utm_source=Facebook&utm_team=TeamBaoTD&utm_agent=BaoTD&utm_campaign=CP1&utm_medium=&utm_subcampaign=CP1_1&utm_ad=fd","uri_query":"utm_source=Facebook&utm_team=TeamBaoTD&utm_agent=BaoTD&utm_campaign=CP1&utm_medium=&utm_subcampaign=CP1_1&utm_ad=fd","shorten_url":"https://goo.gl/XCjFHt","is_active":{"$numberInt":"1"},"updated_at":{"$date":{"$numberLong":"1519447799000"}},"created_at":{"$date":{"$numberLong":"1519447799000"}}}
{"_id":{"$oid":"5a90ef29e20e1a0c1050ada3"},"name":"CP1_1_abcdef","medium":"","mol_link_tracking":"","source_id":"5a7bf559e20e1a02292c3b82","source_name":"Facebook","team_id":"5a90ec0be20e1a0c0f012b42","team_name":"TeamBaoTD","campaign_name":"CP1","campaign_id":"5a90eddce20e1a0c0f012b44","subcampaign_id":"5a90eddce20e1a0c0f012b45","subcampaign_name":"CP1_1","landing_page_id":"5a90eebbe20e1a0c1050ada0","landing_page_name":"LDP 30","creator_id":"5a90ecd7e20e1a0c0f012b43","creator_name":"BaoTD","tracking_link":"http://englishplus.topicanative.co.th?utm_source=Facebook&utm_team=TeamBaoTD&utm_agent=BaoTD&utm_campaign=CP1&utm_medium=&utm_subcampaign=CP1_1&utm_ad=CP1_1_abcdef","uri_query":"utm_source=Facebook&utm_team=TeamBaoTD&utm_agent=BaoTD&utm_campaign=CP1&utm_medium=&utm_subcampaign=CP1_1&utm_ad=CP1_1_abcdef","shorten_url":"","is_active":{"$numberInt":"1"},"updated_at":{"$date":{"$numberLong":"1519447849000"}},"created_at":{"$date":{"$numberLong":"1519447849000"}}}
{"_id":{"$oid":"5a90f022e20e1a0c1050ada4"},"name":"CP1_1_abcdef","medium":"Conversion","mol_link_tracking":"","source_id":"5a7bf559e20e1a02292c3b82","source_name":"Facebook","team_id":"5a90ec0be20e1a0c0f012b42","team_name":"TeamBaoTD","campaign_name":"CP1","campaign_id":"5a90eddce20e1a0c0f012b44","subcampaign_id":"5a90eddce20e1a0c0f012b45","subcampaign_name":"CP1_1","landing_page_id":"5a6ae2f9e20e1a5e067660e5","landing_page_name":"English Today 01","creator_id":"5a90ecd7e20e1a0c0f012b43","creator_name":"BaoTD","tracking_link":"http://english-today01.topicanative.co.th?utm_source=Facebook&utm_team=TeamBaoTD&utm_agent=BaoTD&utm_campaign=CP1&utm_medium=Conversion&utm_subcampaign=CP1_1&utm_ad=CP1_1_abcdef","uri_query":"utm_source=Facebook&utm_team=TeamBaoTD&utm_agent=BaoTD&utm_campaign=CP1&utm_medium=Conversion&utm_subcampaign=CP1_1&utm_ad=CP1_1_abcdef","shorten_url":"https://goo.gl/Z5SRis","is_active":{"$numberInt":"1"},"updated_at":{"$date":{"$numberLong":"1519448098000"}},"created_at":{"$date":{"$numberLong":"1519448098000"}}}
{"_id":{"$oid":"5a90f039e20e1a0c1050ada5"},"name":"adcd","medium":"Conversion","mol_link_tracking":"","source_id":"5a7bf559e20e1a02292c3b82","source_name":"Facebook","team_id":"5a90ec0be20e1a0c0f012b42","team_name":"TeamBaoTD","campaign_name":"CP1","campaign_id":"5a90eddce20e1a0c0f012b44","subcampaign_id":"5a90eddce20e1a0c0f012b45","subcampaign_name":"CP1_1","landing_page_id":"5a90eebbe20e1a0c1050ada0","landing_page_name":"LDP 30","creator_id":"5a90ecd7e20e1a0c0f012b43","creator_name":"BaoTD","tracking_link":"http://www.englishtoday.topicanative.co.th/?utm_source=Facebook&utm_team=TeamBaoTD&utm_agent=BaoTD&utm_campaign=CP1&utm_medium=Conversion&utm_subcampaign=CP1_1&utm_ad=adcd","uri_query":"utm_source=Facebook&utm_team=TeamBaoTD&utm_agent=BaoTD&utm_campaign=CP1&utm_medium=Conversion&utm_subcampaign=CP1_1&utm_ad=adcd","shorten_url":"https://goo.gl/E73d3A","is_active":{"$numberInt":"1"},"updated_at":{"$date":{"$numberLong":"1519448121000"}},"created_at":{"$date":{"$numberLong":"1519448121000"}}}
{"_id":{"$oid":"5a93e345e20e1a0c24427da3"},"name":"sahkjha.agok","medium":"","mol_link_tracking":"","source_id":"5a7bf559e20e1a02292c3b82","source_name":"Facebook","team_id":"5a90ec0be20e1a0c0f012b42","team_name":"TeamBaoTD","campaign_name":"CP1","campaign_id":"5a90eddce20e1a0c0f012b44","subcampaign_id":"5a90eddce20e1a0c0f012b45","subcampaign_name":"CP1_1","landing_page_id":"5a6ae2f9e20e1a5e067660e5","landing_page_name":"English Today 01","creator_id":"5a90ecd7e20e1a0c0f012b43","creator_name":"BaoTD","tracking_link":"http://english-today01.topicanative.co.th?utm_source=Facebook&utm_team=TeamBaoTD&utm_agent=BaoTD&utm_campaign=CP1&utm_medium=&utm_subcampaign=CP1_1&utm_ad=sahkjha.agok","uri_query":"utm_source=Facebook&utm_team=TeamBaoTD&utm_agent=BaoTD&utm_campaign=CP1&utm_medium=&utm_subcampaign=CP1_1&utm_ad=sahkjha.agok","shorten_url":"https://goo.gl/gTwHAu","is_active":{"$numberInt":"1"},"updated_at":{"$date":{"$numberLong":"1519641413000"}},"created_at":{"$date":{"$numberLong":"1519641413000"}}}
{"_id":{"$oid":"5a951091e20e1a0c24427da6"},"name":"fd","medium":"","mol_link_tracking":"","source_id":"5a7bf559e20e1a02292c3b82","source_name":"Facebook","team_id":"5a7e4ebce20e1a02292c3b96","team_name":"NguyenHP","campaign_name":"Taboola","campaign_id":"5a951091e20e1a0c24427da4","subcampaign_id":"5a951091e20e1a0c24427da5","subcampaign_name":"Sub_test01","landing_page_id":"5a6ae2f9e20e1a5e067660e5","landing_page_name":"English Today 01","creator_id":"5a79b49ee20e1a15425dcc92","creator_name":"helios","tracking_link":"http://english-today01.topicanative.co.th?utm_source=Facebook&utm_team=NguyenHP&utm_agent=helios&utm_campaign=Taboola&utm_medium=&utm_subcampaign=Sub_test01&utm_ad=fd","uri_query":"utm_source=Facebook&utm_team=NguyenHP&utm_agent=helios&utm_campaign=Taboola&utm_medium=&utm_subcampaign=Sub_test01&utm_ad=fd","shorten_url":"https://goo.gl/5nB7f6","is_active":{"$numberInt":"1"},"updated_at":{"$date":{"$numberLong":"1519718545000"}},"created_at":{"$date":{"$numberLong":"1519718545000"}}}
{"_id":{"$oid":"5a9a553ce20e1a3ac0394c73"},"name":"test01","medium":"","mol_link_tracking":"","source_id":"5a7bf559e20e1a02292c3b82","source_name":"Facebook","team_id":"5a7e4ebce20e1a02292c3b96","team_name":"NguyenHP","campaign_name":"HeliosTest","campaign_id":"5a7e4ef6e20e1a2e8a3c378e","subcampaign_id":"5a7e4ef6e20e1a2e8a3c378f","subcampaign_name":"HeliosTest_01","landing_page_id":"5a6ae2f9e20e1a5e067660e5","landing_page_name":"English Today 01","creator_id":"5a79b49ee20e1a15425dcc92","creator_name":"helios","tracking_link":"http://english-today01.topicanative.co.th?utm_source=Facebook&utm_team=NguyenHP&utm_agent=helios&utm_campaign=HeliosTest&utm_medium=&utm_subcampaign=HeliosTest_01&utm_ad=test01","uri_query":"utm_source=Facebook&utm_team=NguyenHP&utm_agent=helios&utm_campaign=HeliosTest&utm_medium=&utm_subcampaign=HeliosTest_01&utm_ad=test01","shorten_url":"https://goo.gl/5YfFkL","is_active":{"$numberInt":"1"},"updated_at":{"$date":{"$numberLong":"1520063804000"}},"created_at":{"$date":{"$numberLong":"1520063804000"}}}
{"_id":{"$oid":"5a9faa5fe20e1a7f2f69c495"},"name":"Tk300","medium":"","mol_link_tracking":"","source_id":"5a7bf559e20e1a02292c3b82","source_name":"Facebook","team_id":"5a7e4ebce20e1a02292c3b96","team_name":"NguyenHP","campaign_name":"Tk300","campaign_id":"5a9faa5ee20e1a7f2f69c493","subcampaign_id":"5a9faa5ee20e1a7f2f69c494","subcampaign_name":"Tk300","landing_page_id":"5a6ae2f9e20e1a5e067660e5","landing_page_name":"English Today 01","creator_id":"5a79b49ee20e1a15425dcc92","creator_name":"helios","tracking_link":"http://english-today01.topicanative.co.th?utm_source=Facebook&utm_team=NguyenHP&utm_agent=helios&utm_campaign=Tk300&utm_medium=&utm_subcampaign=Tk300&utm_ad=Tk300","uri_query":"utm_source=Facebook&utm_team=NguyenHP&utm_agent=helios&utm_campaign=Tk300&utm_medium=&utm_subcampaign=Tk300&utm_ad=Tk300","shorten_url":"https://goo.gl/PPtyU3","is_active":{"$numberInt":"1"},"updated_at":{"$date":{"$numberLong":"1520413279000"}},"created_at":{"$date":{"$numberLong":"1520413279000"}}}
{"_id":{"$oid":"5aa106d9e20e1a0c24427dab"},"name":"adtest1","medium":"testmedium","mol_link_tracking":"","source_id":"5a7bf559e20e1a02292c3b82","source_name":"Facebook","team_id":"5a7e4ebce20e1a02292c3b96","team_name":"NguyenHP","campaign_name":"Tuantest1","campaign_id":"5aa1043ce20e1a3ac0394c76","subcampaign_id":"5aa1043ce20e1a3ac0394c77","subcampaign_name":"SubTest1","landing_page_id":"5a6ae2f9e20e1a5e067660e5","landing_page_name":"English Today 01","creator_id":"5a79b49ee20e1a15425dcc92","creator_name":"helios","tracking_link":"http://english-today01.topicanative.co.th?utm_source=Facebook&utm_team=NguyenHP&utm_agent=helios&utm_campaign=Tuantest1&utm_medium=testmedium&utm_subcampaign=SubTest1&utm_ad=adtest1","uri_query":"utm_source=Facebook&utm_team=NguyenHP&utm_agent=helios&utm_campaign=Tuantest1&utm_medium=testmedium&utm_subcampaign=SubTest1&utm_ad=adtest1","shorten_url":"https://goo.gl/jokZDm","is_active":{"$numberInt":"1"},"updated_at":{"$date":{"$numberLong":"1520502489000"}},"created_at":{"$date":{"$numberLong":"1520502489000"}}}
{"_id":{"$oid":"5aa11576e20e1a0c24427dae"},"name":"TETbranding_Lan3_EV_Pucca","medium":"TETbranding_Lan3_EV_Pucca","mol_link_tracking":"TETbranding_Lan3_EV_Pucca","source_id":"5a7bf559e20e1a02292c3b82","source_name":"Facebook","team_id":"5a7e4ebce20e1a02292c3b96","team_name":"NguyenHP","campaign_name":"TETbranding_Lan3_EV_Pucca","campaign_id":"5aa11575e20e1a0c24427dac","subcampaign_id":"5aa11575e20e1a0c24427dad","subcampaign_name":"[default]","landing_page_id":"5a90eebbe20e1a0c1050ada0","landing_page_name":"LDP 30","creator_id":"5a79b49ee20e1a15425dcc92","creator_name":"helios","tracking_link":"http://www.englishtoday.topicanative.co.th/?utm_source=Facebook&utm_team=NguyenHP&utm_agent=helios&utm_campaign=TETbranding_Lan3_EV_Pucca&utm_medium=TETbranding_Lan3_EV_Pucca&utm_subcampaign=[default]&utm_ad=TETbranding_Lan3_EV_Pucca&TETbranding_Lan3_EV_Pucca","uri_query":"utm_source=Facebook&utm_team=NguyenHP&utm_agent=helios&utm_campaign=TETbranding_Lan3_EV_Pucca&utm_medium=TETbranding_Lan3_EV_Pucca&utm_subcampaign=[default]&utm_ad=TETbranding_Lan3_EV_Pucca&TETbranding_Lan3_EV_Pucca","shorten_url":"https://goo.gl/tR6ZK5","is_active":{"$numberInt":"1"},"updated_at":{"$date":{"$numberLong":"1520506230000"}},"created_at":{"$date":{"$numberLong":"1520506230000"}}}
{"_id":{"$oid":"5aa8d3a8e20e1a3ac0394c79"},"name":"test18","medium":"test18","mol_link_tracking":"","source_id":"5a7bf559e20e1a02292c3b82","source_name":"Facebook","team_id":"5a7e4ebce20e1a02292c3b96","team_name":"NguyenHP","campaign_name":"HeliosTest","campaign_id":"5a7e4ef6e20e1a2e8a3c378e","subcampaign_id":"5a7e4ef6e20e1a2e8a3c378f","subcampaign_name":"HeliosTest_01","landing_page_id":"5a6ae2f9e20e1a5e067660e5","landing_page_name":"English Today 01","creator_id":"5a79b49ee20e1a15425dcc92","creator_name":"helios","tracking_link":"http://english-today01.topicanative.co.th?utm_source=Facebook&utm_team=NguyenHP&utm_agent=helios&utm_campaign=HeliosTest&utm_medium=test18&utm_subcampaign=HeliosTest_01&utm_ad=test18","uri_query":"utm_source=Facebook&utm_team=NguyenHP&utm_agent=helios&utm_campaign=HeliosTest&utm_medium=test18&utm_subcampaign=HeliosTest_01&utm_ad=test18","shorten_url":"https://goo.gl/uRq1iY","is_active":{"$numberInt":"1"},"updated_at":{"$date":{"$numberLong":"1521013672000"}},"created_at":{"$date":{"$numberLong":"1521013672000"}}}
{"_id":{"$oid":"5aa8d5e2e20e1a7f2f69c49a"},"name":"test19","medium":"test19","mol_link_tracking":"","source_id":"5a7bf559e20e1a02292c3b82","source_name":"Facebook","team_id":"5a7e4ebce20e1a02292c3b96","team_name":"NguyenHP","campaign_name":"holidays1","campaign_id":"5aa8d5e1e20e1a7f2f69c498","subcampaign_id":"5aa8d5e1e20e1a7f2f69c499","subcampaign_name":"test19","landing_page_id":"5a90eebbe20e1a0c1050ada0","landing_page_name":"LDP 30","creator_id":"5a79b49ee20e1a15425dcc92","creator_name":"helios","tracking_link":"http://www.englishtoday.topicanative.co.th/?utm_source=Facebook&utm_team=NguyenHP&utm_agent=helios&utm_campaign=holidays1&utm_medium=test19&utm_subcampaign=test19&utm_ad=test19","uri_query":"utm_source=Facebook&utm_team=NguyenHP&utm_agent=helios&utm_campaign=holidays1&utm_medium=test19&utm_subcampaign=test19&utm_ad=test19","shorten_url":"https://goo.gl/Hq49yW","is_active":{"$numberInt":"1"},"updated_at":{"$date":{"$numberLong":"1521014242000"}},"created_at":{"$date":{"$numberLong":"1521014242000"}}}
