{"_id":{"$oid":"5a7bf76fe20e1a2e8a3c3789"},"name":"Test_08022018","source_id":"5a7bf559e20e1a02292c3b82","source_name":"Facebook","team_id":"5a7bf56fe20e1a02292c3b83","team_name":"Team01","creator_id":"5a7bf543e20e1a0228006212","creator_name":"chanji","is_active":{"$numberInt":"1"},"updated_at":{"$date":{"$numberLong":"1518073711000"}},"created_at":{"$date":{"$numberLong":"1518073711000"}}}
{"_id":{"$oid":"5a7bfcaee20e1a2e8a3c378c"},"name":"asf","source_id":"5a7bf559e20e1a02292c3b82","source_name":"Facebook","team_id":"5a7bf56fe20e1a02292c3b83","team_name":"Team01","creator_id":"5a7bf543e20e1a0228006212","creator_name":"chanji","is_active":{"$numberInt":"1"},"updated_at":{"$date":{"$numberLong":"1518075054000"}},"created_at":{"$date":{"$numberLong":"1518075054000"}}}
{"_id":{"$oid":"5a7bfd09e20e1a02292c3b93"},"name":"asf","source_id":"5a7bf559e20e1a02292c3b82","source_name":"Facebook","team_id":"5a7bf56fe20e1a02292c3b83","team_name":"Team01","creator_id":"5a7bf543e20e1a0228006212","creator_name":"chanji","is_active":{"$numberInt":"1"},"updated_at":{"$date":{"$numberLong":"1518075145000"}},"created_at":{"$date":{"$numberLong":"1518075145000"}}}
{"_id":{"$oid":"5a7e4ef6e20e1a2e8a3c378e"},"name":"HeliosTest","source_id":"5a7bf559e20e1a02292c3b82","source_name":"Facebook","team_id":"5a7e4ebce20e1a02292c3b96","team_name":"NguyenHP","creator_id":"5a79b49ee20e1a15425dcc92","creator_name":"helios","is_active":{"$numberInt":"1"},"updated_at":{"$date":{"$numberLong":"1518227190000"}},"created_at":{"$date":{"$numberLong":"1518227190000"}}}
{"_id":{"$oid":"5a814bc9e20e1a02292c3b97"},"name":"Test01","source_id":"5a7bf559e20e1a02292c3b82","source_name":"Facebook","team_id":"5a7e4ebce20e1a02292c3b96","team_name":"NguyenHP","creator_id":"5a79b49ee20e1a15425dcc92","creator_name":"helios","is_active":{"$numberInt":"1"},"updated_at":{"$date":{"$numberLong":"1518422985000"}},"created_at":{"$date":{"$numberLong":"1518422985000"}}}
{"_id":{"$oid":"5a8f9c02e20e1a022800621e"},"name":"Taboola","source_id":"5a8f9b90e20e1a2e8a3c3792","source_name":"Import","team_id":"5a8f9bb0e20e1a022800621d","team_name":"Adnetwork","creator_id":"5a814d8fe20e1a2e8a3c3791","creator_name":"eddie","is_active":{"$numberInt":"1"},"updated_at":{"$date":{"$numberLong":"1519361026000"}},"created_at":{"$date":{"$numberLong":"1519361026000"}}}
{"_id":{"$oid":"5a90eddce20e1a0c0f012b44"},"name":"CP1","source_id":"5a7bf559e20e1a02292c3b82","source_name":"Facebook","team_id":"5a90ec0be20e1a0c0f012b42","team_name":"TeamBaoTD","creator_id":"5a90ecd7e20e1a0c0f012b43","creator_name":"BaoTD","is_active":{"$numberInt":"1"},"updated_at":{"$date":{"$numberLong":"1519447516000"}},"created_at":{"$date":{"$numberLong":"1519447516000"}}}
{"_id":{"$oid":"5a951091e20e1a0c24427da4"},"name":"Taboola","source_id":"5a7bf559e20e1a02292c3b82","source_name":"Facebook","team_id":"5a7e4ebce20e1a02292c3b96","team_name":"NguyenHP","creator_id":"5a79b49ee20e1a15425dcc92","creator_name":"helios","is_active":{"$numberInt":"1"},"updated_at":{"$date":{"$numberLong":"1519718545000"}},"created_at":{"$date":{"$numberLong":"1519718545000"}}}
{"_id":{"$oid":"5a9f6a26e20e1a7f2f69c492"},"name":"Hieuttt3","source_id":"5a7bf559e20e1a02292c3b82","source_name":"Facebook","team_id":"5a7e4ebce20e1a02292c3b96","team_name":"NguyenHP","creator_id":"5a79b49ee20e1a15425dcc92","creator_name":"helios","is_active":{"$numberInt":"1"},"updated_at":{"$date":{"$numberLong":"1520396838000"}},"created_at":{"$date":{"$numberLong":"1520396838000"}}}
{"_id":{"$oid":"5a9f6a29e20e1a0c24427da8"},"name":"Hieuttt3","source_id":"5a7bf559e20e1a02292c3b82","source_name":"Facebook","team_id":"5a7e4ebce20e1a02292c3b96","team_name":"NguyenHP","creator_id":"5a79b49ee20e1a15425dcc92","creator_name":"helios","is_active":{"$numberInt":"1"},"updated_at":{"$date":{"$numberLong":"1520396841000"}},"created_at":{"$date":{"$numberLong":"1520396841000"}}}
{"_id":{"$oid":"5a9faa5ee20e1a7f2f69c493"},"name":"Tk300","source_id":"5a7bf559e20e1a02292c3b82","source_name":"Facebook","team_id":"5a7e4ebce20e1a02292c3b96","team_name":"NguyenHP","creator_id":"5a79b49ee20e1a15425dcc92","creator_name":"helios","is_active":{"$numberInt":"1"},"updated_at":{"$date":{"$numberLong":"1520413278000"}},"created_at":{"$date":{"$numberLong":"1520413278000"}}}
{"_id":{"$oid":"5aa1043ce20e1a3ac0394c76"},"name":"Tuantest1","source_id":"5a7bf559e20e1a02292c3b82","source_name":"Facebook","team_id":"5a7e4ebce20e1a02292c3b96","team_name":"NguyenHP","creator_id":"5a79b49ee20e1a15425dcc92","creator_name":"helios","is_active":{"$numberInt":"1"},"updated_at":{"$date":{"$numberLong":"1520501820000"}},"created_at":{"$date":{"$numberLong":"1520501820000"}}}
{"_id":{"$oid":"5aa10658e20e1a7f2f69c496"},"name":"Tuantest2","source_id":"5a7bf559e20e1a02292c3b82","source_name":"Facebook","team_id":"5a7e4ebce20e1a02292c3b96","team_name":"NguyenHP","creator_id":"5a79b49ee20e1a15425dcc92","creator_name":"helios","is_active":{"$numberInt":"1"},"updated_at":{"$date":{"$numberLong":"1520502360000"}},"created_at":{"$date":{"$numberLong":"1520502360000"}}}
{"_id":{"$oid":"5aa11575e20e1a0c24427dac"},"name":"TETbranding_Lan3_EV_Pucca","source_id":"5a7bf559e20e1a02292c3b82","source_name":"Facebook","team_id":"5a7e4ebce20e1a02292c3b96","team_name":"NguyenHP","creator_id":"5a79b49ee20e1a15425dcc92","creator_name":"helios","is_active":{"$numberInt":"1"},"updated_at":{"$date":{"$numberLong":"1520506229000"}},"created_at":{"$date":{"$numberLong":"1520506229000"}}}
{"_id":{"$oid":"5aa8d5e1e20e1a7f2f69c498"},"name":"holidays1","source_id":"5a7bf559e20e1a02292c3b82","source_name":"Facebook","team_id":"5a7e4ebce20e1a02292c3b96","team_name":"NguyenHP","creator_id":"5a79b49ee20e1a15425dcc92","creator_name":"helios","is_active":{"$numberInt":"1"},"updated_at":{"$date":{"$numberLong":"1521014241000"}},"created_at":{"$date":{"$numberLong":"1521014241000"}}}
