{"_id":{"$oid":"5a6ae2f9e20e1a5e067660e5"},"name":"English Today 01","platform":"Wordpress","url":"http://english-today01.topicanative.co.th","description":null,"is_active":{"$numberInt":"1"},"updated_at":{"$date":{"$numberLong":"1516954886000"}},"created_at":{"$date":{"$numberLong":"1516954361000"}}}
{"_id":{"$oid":"5a90eebbe20e1a0c1050ada0"},"name":"LDP 30","platform":"Wordpress","url":"http://www.englishtoday.topicanative.co.th/","description":"ldp cho BR16","creator_id":"5a90ecd7e20e1a0c0f012b43","creator_name":"BaoTD","is_active":{"$numberInt":"1"},"updated_at":{"$date":{"$numberLong":"1519448058000"}},"created_at":{"$date":{"$numberLong":"1519447739000"}}}
{"_id":{"$oid":"5a9908dfe20e1a3ac0394c72"},"name":"http://common-english.topicanative.co.th/","platform":"Instapage","url":"http://common-english.topicanative.co.th/","description":"http://common-english.topicanative.co.th/","creator_id":"5a79b49ee20e1a15425dcc92","creator_name":"helios","is_active":{"$numberInt":"1"},"updated_at":{"$date":{"$numberLong":"1519978719000"}},"created_at":{"$date":{"$numberLong":"1519978719000"}}}
