{"_id":{"$oid":"5a7bf559e20e1a02292c3b82"},"name":"Facebook","description":"Facebook Platform","creator_id":"5a79b49ee20e1a15425dcc92","creator_name":"helios","updated_at":{"$date":{"$numberLong":"1518073177000"}},"created_at":{"$date":{"$numberLong":"1518073177000"}}}
{"_id":{"$oid":"5a8f9b90e20e1a2e8a3c3792"},"name":"Import","description":"from file","creator_id":"5a79b49ee20e1a15425dcc92","creator_name":"helios","updated_at":{"$date":{"$numberLong":"1519360912000"}},"created_at":{"$date":{"$numberLong":"1519360912000"}}}
{"_id":{"$oid":"5a90ebc2e20e1a0c24427da2"},"name":"Google","description":"Google Platform","creator_id":"5a79b49ee20e1a15425dcc92","creator_name":"helios","updated_at":{"$date":{"$numberLong":"1519446978000"}},"created_at":{"$date":{"$numberLong":"1519446978000"}}}
{"_id":{"$oid":"5a9f6948e20e1a0c24427da7"},"name":"hieutt3","description":"hieutt3","creator_id":"5a79b49ee20e1a15425dcc92","creator_name":"helios","updated_at":{"$date":{"$numberLong":"1520396616000"}},"created_at":{"$date":{"$numberLong":"1520396616000"}}}
{"_id":{"$oid":"5a9fb6b7e20e1a0c24427da9"},"name":"test0703","description":"test0703","creator_id":"5a79b49ee20e1a15425dcc92","creator_name":"helios","updated_at":{"$date":{"$numberLong":"1520416439000"}},"created_at":{"$date":{"$numberLong":"1520416439000"}}}
{"_id":{"$oid":"5aa102dee20e1a3ac0394c75"},"name":"adnet","description":"About adnet","creator_id":"5a79b49ee20e1a15425dcc92","creator_name":"helios","updated_at":{"$date":{"$numberLong":"1520501470000"}},"created_at":{"$date":{"$numberLong":"1520501470000"}}}
{"_id":{"$oid":"5aa1149ae20e1a3ac0394c78"},"name":"TETbranding_Lan3_EV_Pucca","description":"TETbranding_Lan3_EV_Pucca","creator_id":"5a79b49ee20e1a15425dcc92","creator_name":"helios","updated_at":{"$date":{"$numberLong":"1520506010000"}},"created_at":{"$date":{"$numberLong":"1520506010000"}}}
{"_id":{"$oid":"5aa11ae9e20e1a0c24427daf"},"name":"NTL_TK800","description":"NTL_TK800","creator_id":"5a79b49ee20e1a15425dcc92","creator_name":"helios","updated_at":{"$date":{"$numberLong":"1520507625000"}},"created_at":{"$date":{"$numberLong":"1520507625000"}}}
