{"_id":{"$oid":"5a7bf76fe20e1a2e8a3c378a"},"name":"Test_08022018_01","source_id":"5a7bf559e20e1a02292c3b82","source_name":"Facebook","team_id":"5a7bf56fe20e1a02292c3b83","team_name":"Team01","campaign_id":"5a7bf76fe20e1a2e8a3c3789","campaign_name":"Test_08022018","creator_id":"5a7bf543e20e1a0228006212","creator_name":"chanji","is_active":{"$numberInt":"1"},"updated_at":{"$date":{"$numberLong":"1518073711000"}},"created_at":{"$date":{"$numberLong":"1518073711000"}}}
{"_id":{"$oid":"5a7bfcaee20e1a2e8a3c378d"},"name":"[default]","source_id":"5a7bf559e20e1a02292c3b82","source_name":"Facebook","team_id":"5a7bf56fe20e1a02292c3b83","team_name":"Team01","campaign_id":"5a7bfcaee20e1a2e8a3c378c","campaign_name":"asf","creator_id":"5a7bf543e20e1a0228006212","creator_name":"chanji","is_active":{"$numberInt":"1"},"updated_at":{"$date":{"$numberLong":"1518075054000"}},"created_at":{"$date":{"$numberLong":"1518075054000"}}}
{"_id":{"$oid":"5a7bfd09e20e1a02292c3b94"},"name":"[default]","source_id":"5a7bf559e20e1a02292c3b82","source_name":"Facebook","team_id":"5a7bf56fe20e1a02292c3b83","team_name":"Team01","campaign_id":"5a7bfd09e20e1a02292c3b93","campaign_name":"asf","creator_id":"5a7bf543e20e1a0228006212","creator_name":"chanji","is_active":{"$numberInt":"1"},"updated_at":{"$date":{"$numberLong":"1518075145000"}},"created_at":{"$date":{"$numberLong":"1518075145000"}}}
{"_id":{"$oid":"5a7e4ef6e20e1a2e8a3c378f"},"name":"HeliosTest_01","source_id":"5a7bf559e20e1a02292c3b82","source_name":"Facebook","team_id":"5a7e4ebce20e1a02292c3b96","team_name":"NguyenHP","campaign_id":"5a7e4ef6e20e1a2e8a3c378e","campaign_name":"HeliosTest","creator_id":"5a79b49ee20e1a15425dcc92","creator_name":"helios","is_active":{"$numberInt":"1"},"updated_at":{"$date":{"$numberLong":"1518227190000"}},"created_at":{"$date":{"$numberLong":"1518227190000"}}}
{"_id":{"$oid":"5a814bc9e20e1a02292c3b98"},"name":"Sub_test01","source_id":"5a7bf559e20e1a02292c3b82","source_name":"Facebook","team_id":"5a7e4ebce20e1a02292c3b96","team_name":"NguyenHP","campaign_id":"5a814bc9e20e1a02292c3b97","campaign_name":"Test01","creator_id":"5a79b49ee20e1a15425dcc92","creator_name":"helios","is_active":{"$numberInt":"1"},"updated_at":{"$date":{"$numberLong":"1518422985000"}},"created_at":{"$date":{"$numberLong":"1518422985000"}}}
{"_id":{"$oid":"5a8f9c02e20e1a022800621f"},"name":"[default]","source_id":"5a8f9b90e20e1a2e8a3c3792","source_name":"Import","team_id":"5a8f9bb0e20e1a022800621d","team_name":"Adnetwork","campaign_id":"5a8f9c02e20e1a022800621e","campaign_name":"Taboola","creator_id":"5a814d8fe20e1a2e8a3c3791","creator_name":"eddie","is_active":{"$numberInt":"1"},"updated_at":{"$date":{"$numberLong":"1519361026000"}},"created_at":{"$date":{"$numberLong":"1519361026000"}}}
{"_id":{"$oid":"5a90eddce20e1a0c0f012b45"},"name":"CP1_1","source_id":"5a7bf559e20e1a02292c3b82","source_name":"Facebook","team_id":"5a90ec0be20e1a0c0f012b42","team_name":"TeamBaoTD","campaign_id":"5a90eddce20e1a0c0f012b44","campaign_name":"CP1","creator_id":"5a90ecd7e20e1a0c0f012b43","creator_name":"BaoTD","is_active":{"$numberInt":"1"},"updated_at":{"$date":{"$numberLong":"1519447516000"}},"created_at":{"$date":{"$numberLong":"1519447516000"}}}
{"_id":{"$oid":"5a951091e20e1a0c24427da5"},"name":"Sub_test01","source_id":"5a7bf559e20e1a02292c3b82","source_name":"Facebook","team_id":"5a7e4ebce20e1a02292c3b96","team_name":"NguyenHP","campaign_id":"5a951091e20e1a0c24427da4","campaign_name":"Taboola","creator_id":"5a79b49ee20e1a15425dcc92","creator_name":"helios","is_active":{"$numberInt":"1"},"updated_at":{"$date":{"$numberLong":"1519718545000"}},"created_at":{"$date":{"$numberLong":"1519718545000"}}}
{"_id":{"$oid":"5a9faa5ee20e1a7f2f69c494"},"name":"Tk300","source_id":"5a7bf559e20e1a02292c3b82","source_name":"Facebook","team_id":"5a7e4ebce20e1a02292c3b96","team_name":"NguyenHP","campaign_id":"5a9faa5ee20e1a7f2f69c493","campaign_name":"Tk300","creator_id":"5a79b49ee20e1a15425dcc92","creator_name":"helios","is_active":{"$numberInt":"1"},"updated_at":{"$date":{"$numberLong":"1520413278000"}},"created_at":{"$date":{"$numberLong":"1520413278000"}}}
{"_id":{"$oid":"5aa1043ce20e1a3ac0394c77"},"name":"SubTest1","source_id":"5a7bf559e20e1a02292c3b82","source_name":"Facebook","team_id":"5a7e4ebce20e1a02292c3b96","team_name":"NguyenHP","campaign_id":"5aa1043ce20e1a3ac0394c76","campaign_name":"Tuantest1","creator_id":"5a79b49ee20e1a15425dcc92","creator_name":"helios","is_active":{"$numberInt":"1"},"updated_at":{"$date":{"$numberLong":"1520501820000"}},"created_at":{"$date":{"$numberLong":"1520501820000"}}}
{"_id":{"$oid":"5aa11575e20e1a0c24427dad"},"name":"[default]","source_id":"5a7bf559e20e1a02292c3b82","source_name":"Facebook","team_id":"5a7e4ebce20e1a02292c3b96","team_name":"NguyenHP","campaign_id":"5aa11575e20e1a0c24427dac","campaign_name":"TETbranding_Lan3_EV_Pucca","creator_id":"5a79b49ee20e1a15425dcc92","creator_name":"helios","is_active":{"$numberInt":"1"},"updated_at":{"$date":{"$numberLong":"1520506229000"}},"created_at":{"$date":{"$numberLong":"1520506229000"}}}
{"_id":{"$oid":"5aa8d5e1e20e1a7f2f69c499"},"name":"test19","source_id":"5a7bf559e20e1a02292c3b82","source_name":"Facebook","team_id":"5a7e4ebce20e1a02292c3b96","team_name":"NguyenHP","campaign_id":"5aa8d5e1e20e1a7f2f69c498","campaign_name":"holidays1","creator_id":"5a79b49ee20e1a15425dcc92","creator_name":"helios","is_active":{"$numberInt":"1"},"updated_at":{"$date":{"$numberLong":"1521014241000"}},"created_at":{"$date":{"$numberLong":"1521014241000"}}}
