{"_id":{"$oid":"5a7bf56fe20e1a02292c3b83"},"name":"Team01","description":"team 01","creator_id":"5a79b49ee20e1a15425dcc92","creator_name":"helios","members":[],"sources":{"5a7bf559e20e1a02292c3b82":{"source_id":"5a7bf559e20e1a02292c3b82","source_name":"Facebook"}},"updated_at":{"$date":{"$numberLong":"1520502079000"}},"created_at":{"$date":{"$numberLong":"1518073199000"}}}
{"_id":{"$oid":"5a7e4ebce20e1a02292c3b96"},"name":"NguyenHP","description":"NguyenHP Team","creator_id":"5a79b49ee20e1a15425dcc92","creator_name":"helios","members":{"5a79b49ee20e1a15425dcc92":{"user_id":"5a79b49ee20e1a15425dcc92","username":"helios"}},"sources":{"5a7bf559e20e1a02292c3b82":{"source_id":"5a7bf559e20e1a02292c3b82","source_name":"Facebook"}},"updated_at":{"$date":{"$numberLong":"1518227132000"}},"created_at":{"$date":{"$numberLong":"1518227132000"}}}
{"_id":{"$oid":"5a8f9bb0e20e1a022800621d"},"name":"Adnetwork","description":"adnet","creator_id":"5a79b49ee20e1a15425dcc92","creator_name":"helios","members":{"5a814d8fe20e1a2e8a3c3791":{"user_id":"5a814d8fe20e1a2e8a3c3791","username":"eddie"}},"sources":{"5a8f9b90e20e1a2e8a3c3792":{"source_id":"5a8f9b90e20e1a2e8a3c3792","source_name":"Import"}},"updated_at":{"$date":{"$numberLong":"1519360944000"}},"created_at":{"$date":{"$numberLong":"1519360944000"}}}
{"_id":{"$oid":"5a90ec0be20e1a0c0f012b42"},"name":"TeamBaoTD","description":"Cac ban thuoc team bao","creator_id":"5a90ecd7e20e1a0c0f012b43","creator_name":"BaoTD","members":{"5a90ecd7e20e1a0c0f012b43":{"user_id":"5a90ecd7e20e1a0c0f012b43","username":"BaoTD"}},"sources":{"5a7bf559e20e1a02292c3b82":{"source_id":"5a7bf559e20e1a02292c3b82","source_name":"Facebook"},"5a90ebc2e20e1a0c24427da2":{"source_id":"5a90ebc2e20e1a0c24427da2","source_name":"Google"}},"updated_at":{"$date":{"$numberLong":"1520501641000"}},"created_at":{"$date":{"$numberLong":"1519447051000"}}}
{"_id":{"$oid":"5a9f69bce20e1a3ac0394c74"},"name":"TeamHieutt3","description":"Br16","creator_id":"5a79b49ee20e1a15425dcc92","creator_name":"helios","members":[],"sources":{"5a7bf559e20e1a02292c3b82":{"source_id":"5a7bf559e20e1a02292c3b82","source_name":"Facebook"}},"updated_at":{"$date":{"$numberLong":"1520396732000"}},"created_at":{"$date":{"$numberLong":"1520396732000"}}}
{"_id":{"$oid":"5aa103f3e20e1a0c24427daa"},"name":"Tuan","description":"Tuan test","creator_id":"5a79b49ee20e1a15425dcc92","creator_name":"helios","members":{"5a7bf543e20e1a0228006212":{"user_id":"5a7bf543e20e1a0228006212","username":"chanji"}},"sources":{"5a7bf559e20e1a02292c3b82":{"source_id":"5a7bf559e20e1a02292c3b82","source_name":"Facebook"},"5a90ebc2e20e1a0c24427da2":{"source_id":"5a90ebc2e20e1a0c24427da2","source_name":"Google"}},"updated_at":{"$date":{"$numberLong":"1520502079000"}},"created_at":{"$date":{"$numberLong":"1520501747000"}}}
{"_id":{"$oid":"5aa114cee20e1a7f2f69c497"},"name":"Pucca","description":"Pucca","creator_id":"5a79b49ee20e1a15425dcc92","creator_name":"helios","members":[],"sources":{"5aa1149ae20e1a3ac0394c78":{"source_id":"5aa1149ae20e1a3ac0394c78","source_name":"TETbranding_Lan3_EV_Pucca"}},"updated_at":{"$date":{"$numberLong":"1520506062000"}},"created_at":{"$date":{"$numberLong":"1520506062000"}}}
